{"cameraMode":{"drawMode":0,"name":"Shaded","section":"Shading Mode"},"sceneLighting":false,"audioPlay":false,"sceneViewState":{"m_AlwaysRefresh":false,"showFog":true,"showSkybox":false,"showFlares":true,"showImageEffects":true,"showParticleSystems":true,"showVisualEffectGraphs":true,"m_FxEnabled":true},"in2DMode":false,"pivot":{"x":28.943500518798829,"y":3.1253011226654054,"z":9.431559562683106},"rotation":{"x":0.036884672939777377,"y":0.016488023102283479,"z":-0.0006086493958719075,"w":0.9991834759712219},"size":10.346555709838868,"orthographic":true}